{
  "output_width": 1280,
  "output_height": 720,
  "homography": [
    [
      0.01787779784378635,
      0.0005062630418404876,
      -11.26752070209121
    ],
    [
      0.00036054737759724483,
      -0.020240969246521405,
      7.220489271936239
    ],
    [
      1.938714264027029e-05,
      -0.0002249735164602936,
      1.0
    ]
  ],
  "grid_rows": 2,
  "grid_cols": 2,
  "cells": {
    "0_0": [
      8.558955112184146,
      4.343423044481927
    ],
    "0_1": [
      -10.476989727404685,
      -1.277157957658738
    ],
    "1_0": [
      -10.569185236425037,
      -5.065159306532936
    ],
    "1_1": [
      11.13206082359214,
      4.383644200539978
    ]
  }
}