{
  "rgb_camera": "cam3_rgb",
  "thermal_camera": "cam3_thermal",
  "rgb_size": [
    2688,
    1520
  ],
  "thermal_size": [
    1280,
    720
  ],
  "H_thermal_to_rgb": [
    [
      0.9233228697340616,
      0.16487596356838566,
      767.4328072365157
    ],
    [
      -0.028722682734661952,
      1.397541871265892,
      290.4187237687138
    ],
    [
      -6.141457945572198e-05,
      7.29477355460264e-05,
      1.0
    ]
  ],
  "overlap_quad_rgb": [
    [
      767.4328072365157,
      290.4187237687138
    ],
    [
      2115.594352437003,
      275.29479594072876
    ],
    [
      2123.3924569467426,
      1293.6324997155984
    ],
    [
      841.9236745992386,
      1231.9442403693388
    ]
  ],
  "overlap_bbox_rgb": [
    767,
    275,
    2123,
    1293
  ],
  "hot_is_bright": true,
  "n_pairs": 8
}