{
  "camera": "cam4",
  "offset_pan_deg": -5.16422226812642,
  "offset_tilt_deg": -4.457619185592975
}