{
  "output_width": 3840,
  "output_height": 2160,
  "crosshair": {
    "x": 1920.0,
    "y": 1080.0
  },
  "pixel_per_degree_x": 87.73688070048212,
  "pixel_per_degree_y": -85.7961959949535,
  "measured_by": "calib_wizard",
  "r2": [
    0.9993353388159403,
    0.9984522409991617
  ]
}