{
  "output_width": 3840,
  "output_height": 2160,
  "crosshair": {
    "x": 1920.0,
    "y": 1080.0
  },
  "pixel_per_degree_x": 87.13837567036975,
  "pixel_per_degree_y": -89.73408577160026
}