{
  "trim_pan": 0.07261240833765625,
  "trim_tilt": 0.4109063210571333,
  "n_updates": 22
}