{
  "output_width": 3840,
  "output_height": 2160,
  "crosshair": {
    "x": 1920.0,
    "y": 1080.0
  },
  "grid_cols": 3,
  "grid_rows": 3,
  "cells": {},
  "center_fine_grid": {
    "fine_rows": 3,
    "fine_cols": 3,
    "fine_cells": {}
  },
  "homography": [
    [
      0.01151606884807679,
      2.0425083047437615e-05,
      -22.098493520596577
    ],
    [
      3.402094209953534e-05,
      -0.010960113486238385,
      11.666039683591386
    ],
    [
      1.1093157248928816e-05,
      1.3929705385949234e-05,
      1.0
    ]
  ]
}