{
  "trim_pan": 0.6118744477971787,
  "trim_tilt": 0.06954620602789573,
  "n_updates": 8
}