{
  "source_camera": "cam8",
  "output_width": 5120,
  "output_height": 1440,
  "grid_rows": 10,
  "grid_cols": 20,
  "cells": {
    "4_14": [
      46.24746198883146,
      21.122504053077947
    ],
    "3_14": [
      47.18261323460671,
      25.68515894998374
    ],
    "6_14": [
      44.37300853420843,
      12.240464441047827
    ],
    "5_14": [
      45.20010510877187,
      16.29322450669683
    ],
    "5_15": [
      56.404415111474314,
      24.772404233022563
    ],
    "4_15": [
      55.35709202575636,
      18.521177408234337
    ],
    "3_15": [
      59.22351020750531,
      30.54458226703807
    ],
    "7_15": [
      50.998821991052594,
      5.843793997070903
    ],
    "8_15": [
      50.94658747590399,
      1.6041497825249211
    ],
    "6_15": [
      53.948453152036755,
      21.070356679890846
    ],
    "6_16": [
      60.585112211798446,
      7.514194913110776
    ],
    "7_16": [
      58.690397701953,
      2.8363730925055037
    ],
    "8_16": [
      56.033305542583726,
      0.10452796878098482
    ],
    "5_16": [
      63.0,
      11.778202389414448
    ],
    "9_16": [
      56.707247750900514,
      -3.506163831658098
    ],
    "9_15": [
      49.14238402903138,
      -2.7272584134000195
    ],
    "4_16": [
      63.0,
      16.233194713527443
    ],
    "3_16": [
      63.0,
      19.9650754729757
    ],
    "2_16": [
      63.0,
      24.634045264024778
    ],
    "1_16": [
      63.0,
      28.642788405879887
    ],
    "0_16": [
      62.97807395771108,
      33.0
    ],
    "0_15": [
      53.64016614740263,
      33.0
    ],
    "1_15": [
      53.64016614740263,
      31.372522305835364
    ],
    "2_15": [
      61.381953300414196,
      29.043658061203327
    ],
    "2_14": [
      46.98869964537067,
      31.025981806741232
    ],
    "1_14": [
      46.676255886937945,
      33.0
    ],
    "7_14": [
      42.603932937556756,
      8.578152795906957
    ],
    "8_14": [
      41.723655933566626,
      2.6450830936352627
    ],
    "9_14": [
      41.26627270854513,
      -1.160449146744193
    ],
    "9_13": [
      33.10203791343767,
      -0.7871128856785652
    ],
    "8_13": [
      33.37191611677447,
      3.2191575417410005
    ],
    "7_13": [
      34.59807626633209,
      8.654472232620265
    ],
    "6_13": [
      35.6966770250577,
      13.400503851202775
    ],
    "5_13": [
      35.86527412904748,
      18.211761626877045
    ],
    "4_13": [
      37.70763947682187,
      22.77110529873312
    ],
    "3_13": [
      41.21934814549331,
      29.353757335004286
    ],
    "2_13": [
      41.14034558491783,
      33.0
    ],
    "2_12": [
      35.43319930863881,
      33.0
    ],
    "3_12": [
      31.38749816181826,
      30.88334448220363
    ],
    "4_12": [
      28.96697671504874,
      25.67751721248111
    ],
    "5_12": [
      26.074499322263357,
      19.449709567616395
    ],
    "6_12": [
      26.074499322263357,
      14.801715742800905
    ],
    "7_12": [
      25.61844631994767,
      9.528746466564261
    ],
    "8_12": [
      24.845576746458146,
      4.576188248998553
    ],
    "9_12": [
      24.19370007286172,
      0.49614267796924105
    ],
    "7_11": [
      15.496797832796355,
      10.72526990642909
    ],
    "6_11": [
      16.753236197122305,
      15.660710009500235
    ],
    "5_11": [
      17.589005311008062,
      20.419994583496013
    ],
    "4_11": [
      17.55864697267883,
      26.161683901290775
    ],
    "3_11": [
      18.33046976110015,
      31.56670385428628
    ],
    "2_11": [
      18.028155699016274,
      33.0
    ],
    "2_10": [
      5.855262360983902,
      33.0
    ],
    "3_10": [
      5.855262360983902,
      30.96590754356434
    ],
    "4_10": [
      5.855262360983902,
      25.601956346915024
    ],
    "5_10": [
      6.542519613684096,
      21.370657202379622
    ],
    "6_10": [
      6.195534647377481,
      16.32464495038209
    ],
    "7_10": [
      7.2146496093259,
      10.945965803088065
    ],
    "8_10": [
      7.2146496093259,
      4.500762941129253
    ],
    "9_10": [
      7.2146496093259,
      0.1857654533118002
    ],
    "9_9": [
      -1.8152181392274336,
      0.11004380648565797
    ],
    "8_9": [
      -1.9630346306702324,
      5.881017627180686
    ],
    "7_9": [
      -2.0616966032476296,
      10.436878563080734
    ],
    "6_8": [
      -13.72683717194945,
      14.251686729925286
    ],
    "6_9": [
      -2.625723134677741,
      15.287362119689593
    ],
    "5_9": [
      -2.783435829560271,
      21.008298515641666
    ],
    "4_9": [
      -3.0173548842574656,
      25.671738165035904
    ],
    "3_9": [
      -3.352996824055981,
      32.716802970888686
    ],
    "3_8": [
      -15.391690938943876,
      28.57117112447851
    ],
    "4_8": [
      -15.391690938943876,
      23.753945648426175
    ],
    "5_8": [
      -15.424664307529946,
      20.05380405086555
    ],
    "7_8": [
      -11.856311235592722,
      9.26160195496807
    ],
    "8_8": [
      -11.856311235592722,
      3.4523300542439967
    ],
    "9_8": [
      -9.95607148138787,
      -1.2091739102142174
    ],
    "9_7": [
      -18.845156607016857,
      0.5952374777702525
    ],
    "8_7": [
      -20.35874795035954,
      2.7765465399068017
    ],
    "7_7": [
      -20.707927530837733,
      6.612585587294082
    ],
    "6_7": [
      -22.14812040826365,
      12.393008148571834
    ],
    "5_7": [
      -23.398981434335727,
      17.73365084618435
    ],
    "4_7": [
      -24.15937928603268,
      22.887755021422574
    ],
    "3_7": [
      -25.780396291659073,
      27.591346383292215
    ],
    "2_7": [
      -28.03749932802037,
      32.14774060459217
    ],
    "2_6": [
      -37.94034712862223,
      28.927090465460854
    ],
    "3_6": [
      -35.75329902754651,
      25.18915597464517
    ],
    "4_6": [
      -36.971301051683525,
      20.430878067152918
    ],
    "5_6": [
      -37.20281303159578,
      14.590953928152398
    ],
    "6_6": [
      -30.34435220578328,
      9.778389226850214
    ],
    "7_6": [
      -29.005117803685344,
      5.635492245332144
    ],
    "8_6": [
      -27.686816474846545,
      -0.027552151860669293
    ],
    "9_6": [
      -27.099893502495373,
      -3.496061144731388
    ],
    "9_5": [
      -34.92234761625971,
      -4.862362558020091
    ],
    "8_5": [
      -36.932450221521634,
      -1.6148762291621637
    ],
    "7_5": [
      -38.062600999977874,
      3.211552364007627
    ],
    "6_5": [
      -39.12041694142143,
      7.590680389695734
    ],
    "5_4": [
      -52.23197283569889,
      12.506981015047314
    ],
    "5_5": [
      -40.13594165771103,
      13.878589058059424
    ],
    "4_5": [
      -42.801712567479164,
      17.51404022536261
    ],
    "3_5": [
      -44.4291361369732,
      22.11550939806472
    ],
    "2_5": [
      -46.09252678311797,
      26.755365461657462
    ],
    "1_5": [
      -47.761600278101724,
      31.046226398079522
    ],
    "0_5": [
      -48.07976757911495,
      33.0
    ],
    "1_4": [
      -56.26406845761773,
      27.271088839908295
    ],
    "2_4": [
      -54.879448115280816,
      22.995505014743614
    ],
    "3_4": [
      -52.568075190504686,
      18.870217756871856
    ],
    "4_4": [
      -52.06855207974747,
      15.9848093480193
    ],
    "6_3": [
      -55.410933894318624,
      2.891787290998676
    ],
    "6_4": [
      -47.473480180390716,
      5.063401748796469
    ],
    "7_4": [
      -45.145580768161786,
      0.16277295709443734
    ],
    "8_4": [
      -43.85348034499102,
      -3.409215663966578
    ],
    "9_4": [
      -42.0427023067207,
      -7.318386792662739
    ],
    "9_3": [
      -52.10230087739108,
      -8.992150439307105
    ],
    "8_3": [
      -52.745641016533504,
      -5.414650519091541
    ],
    "7_3": [
      -52.69825977903679,
      -1.4074846140702777
    ],
    "5_3": [
      -57.8505276789757,
      7.364416774118556
    ],