{"px": 2079.9009082446146, "py": 1152.0527045634456, "ts": 1771234891.855677}